"cOtu","Phylum","Class","Order","Family","Genus","SampleID","Host.genus","Species_final_nov24","Native.status","Native.status.fine","occurence"
"cOtu0","Ascomycota","Sordariomycetes","Xylariales","Apiosporaceae","Nigrospora",144746,"Megathyrsus","Megathyrsus.maximus","Nonnative","Widespread.invasive",1
"cOtu0","Ascomycota","Sordariomycetes","Xylariales","Apiosporaceae","Nigrospora",144747,"Megathyrsus","Megathyrsus.maximus","Nonnative","Widespread.invasive",1
"cOtu0","Ascomycota","Sordariomycetes","Xylariales","Apiosporaceae","Nigrospora",144749,"Paspalum","Paspalum.plicatum","Native","Native",1
"cOtu0","Ascomycota","Sordariomycetes","Xylariales","Apiosporaceae","Nigrospora",144750,"Urochloa","Urochloa.mosambicensis","Nonnative","Established",1
"cOtu0","Ascomycota","Sordariomycetes","Xylariales","Apiosporaceae","Nigrospora",144752,"Melinis","Melinis.repens","Nonnative","Widespread.invasive",11
"cOtu0","Ascomycota","Sordariomycetes","Xylariales","Apiosporaceae","Nigrospora",144753,"Melinis","Melinis.repens","Nonnative","Widespread.invasive",22
"cOtu0","Ascomycota","Sordariomycetes","Xylariales","Apiosporaceae","Nigrospora",144754,"Melinis","Melinis.repens","Nonnative","Widespread.invasive",19
"cOtu0","Ascomycota","Sordariomycetes","Xylariales","Apiosporaceae","Nigrospora",144755,"Cenchrus","Cenchrus.ciliaris","Nonnative","Widespread.invasive",6
"cOtu0","Ascomycota","Sordariomycetes","Xylariales","Apiosporaceae","Nigrospora",144757,"Cenchrus","Cenchrus.ciliaris","Nonnative","Widespread.invasive",6
"cOtu0","Ascomycota","Sordariomycetes","Xylariales","Apiosporaceae","Nigrospora",144766,"Elionurus","Elionurus.tripsacoides","Native","Native",5
"cOtu1","Basidiomycota","Microbotryomycetes","Microbotryomycetes incertae sedis",".","Colacogloea",144755,"Cenchrus","Cenchrus.ciliaris","Nonnative","Widespread.invasive",1
"cOtu2","Ascomycota","Dothideomycetes","Pleosporales","Phaeosphaeriaceae","Phaeoseptoriella",144753,"Melinis","Melinis.repens","Nonnative","Widespread.invasive",6
"cOtu2","Ascomycota","Dothideomycetes","Pleosporales","Phaeosphaeriaceae","Phaeoseptoriella",144754,"Melinis","Melinis.repens","Nonnative","Widespread.invasive",1
"cOtu2","Ascomycota","Dothideomycetes","Pleosporales","Phaeosphaeriaceae","Phaeoseptoriella",144755,"Cenchrus","Cenchrus.ciliaris","Nonnative","Widespread.invasive",3
"cOtu2","Ascomycota","Dothideomycetes","Pleosporales","Phaeosphaeriaceae","Phaeoseptoriella",144756,"Cenchrus","Cenchrus.ciliaris","Nonnative","Widespread.invasive",1
"cOtu2","Ascomycota","Dothideomycetes","Pleosporales","Phaeosphaeriaceae","Phaeoseptoriella",144757,"Cenchrus","Cenchrus.ciliaris","Nonnative","Widespread.invasive",3
"cOtu3","Basidiomycota","Agaricomycetes","Polyporales","Meruliaceae","Phlebia",144755,"Cenchrus","Cenchrus.ciliaris","Nonnative","Widespread.invasive",1
"cOtu4","Ascomycota","Sordariomycetes","Xylariales","Apiosporaceae","Nigrospora",144752,"Melinis","Melinis.repens","Nonnative","Widespread.invasive",1
"cOtu4","Ascomycota","Sordariomycetes","Xylariales","Apiosporaceae","Nigrospora",144753,"Melinis","Melinis.repens","Nonnative","Widespread.invasive",3
"cOtu4","Ascomycota","Sordariomycetes","Xylariales","Apiosporaceae","Nigrospora",144754,"Melinis","Melinis.repens","Nonnative","Widespread.invasive",6
"cOtu4","Ascomycota","Sordariomycetes","Xylariales","Apiosporaceae","Nigrospora",144755,"Cenchrus","Cenchrus.ciliaris","Nonnative","Widespread.invasive",1
"cOtu4","Ascomycota","Sordariomycetes","Xylariales","Apiosporaceae","Nigrospora",144757,"Cenchrus","Cenchrus.ciliaris","Nonnative","Widespread.invasive",3
"cOtu4","Ascomycota","Sordariomycetes","Xylariales","Apiosporaceae","Nigrospora",144766,"Elionurus","Elionurus.tripsacoides","Native","Native",1
"cOtu5","Ascomycota","Dothideomycetes","Dothideales","Dothioraceae","Pseudoseptoria",144755,"Cenchrus","Cenchrus.ciliaris","Nonnative","Widespread.invasive",1
"cOtu6","Basidiomycota","Tremellomycetes","Tremellales","Trimorphomycetaceae","Saitozyma",144748,"Megathyrsus","Megathyrsus.maximus","Nonnative","Widespread.invasive",2
"cOtu6","Basidiomycota","Tremellomycetes","Tremellales","Trimorphomycetaceae","Saitozyma",144749,"Paspalum","Paspalum.plicatum","Native","Native",2
"cOtu6","Basidiomycota","Tremellomycetes","Tremellales","Trimorphomycetaceae","Saitozyma",144750,"Urochloa","Urochloa.mosambicensis","Nonnative","Established",23
"cOtu6","Basidiomycota","Tremellomycetes","Tremellales","Trimorphomycetaceae","Saitozyma",144751,"Urochloa","Urochloa.mosambicensis","Nonnative","Established",6
"cOtu6","Basidiomycota","Tremellomycetes","Tremellales","Trimorphomycetaceae","Saitozyma",144753,"Melinis","Melinis.repens","Nonnative","Widespread.invasive",2
"cOtu6","Basidiomycota","Tremellomycetes","Tremellales","Trimorphomycetaceae","Saitozyma",144755,"Cenchrus","Cenchrus.ciliaris","Nonnative","Widespread.invasive",1
"cOtu6","Basidiomycota","Tremellomycetes","Tremellales","Trimorphomycetaceae","Saitozyma",144756,"Cenchrus","Cenchrus.ciliaris","Nonnative","Widespread.invasive",8
"cOtu6","Basidiomycota","Tremellomycetes","Tremellales","Trimorphomycetaceae","Saitozyma",144757,"Cenchrus","Cenchrus.ciliaris","Nonnative","Widespread.invasive",2
"cOtu6","Basidiomycota","Tremellomycetes","Tremellales","Trimorphomycetaceae","Saitozyma",144759,"Setaria","Setaria.parviflora","Native","Native",2
"cOtu6","Basidiomycota","Tremellomycetes","Tremellales","Trimorphomycetaceae","Saitozyma",144760,"Setaria","Setaria.parviflora","Native","Native",1
"cOtu7","Ascomycota","Dothideomycetes","Pleosporales","Pleosporaceae","Exserohilum",144756,"Cenchrus","Cenchrus.ciliaris","Nonnative","Widespread.invasive",1
"cOtu8","Ascomycota","Sordariomycetes","Hypocreales","Sarocladiaceae","Sarocladium",144756,"Cenchrus","Cenchrus.ciliaris","Nonnative","Widespread.invasive",1
"cOtu9","Ascomycota","Sordariomycetes","Glomerellales","Plectosphaerellaceae","Brunneomyces",144756,"Cenchrus","Cenchrus.ciliaris","Nonnative","Widespread.invasive",1
"cOtu10","Ascomycota","Sordariomycetes","Sordariales","Chaetomiaceae","Collariella",144756,"Cenchrus","Cenchrus.ciliaris","Nonnative","Widespread.invasive",1
"cOtu11","Ascomycota","Dothideomycetes","Pleosporales","Didymosphaeriaceae","Pseudopithomyces",144756,"Cenchrus","Cenchrus.ciliaris","Nonnative","Widespread.invasive",1
"cOtu12","Basidiomycota","Tremellomycetes","Tremellales","Trimorphomycetaceae","Saitozyma",144756,"Cenchrus","Cenchrus.ciliaris","Nonnative","Widespread.invasive",1
"cOtu13","Basidiomycota","Cystobasidiomycetes","Cystobasidiomycetes incertae sedis","Symmetrosporaceae","Symmetrospora",144756,"Cenchrus","Cenchrus.ciliaris","Nonnative","Widespread.invasive",1
"cOtu14","Ascomycota","Dothideomycetes","Pleosporales","Phaeosphaeriaceae","Phaeosphaeria",144751,"Urochloa","Urochloa.mosambicensis","Nonnative","Established",1
"cOtu14","Ascomycota","Dothideomycetes","Pleosporales","Phaeosphaeriaceae","Phaeosphaeria",144757,"Cenchrus","Cenchrus.ciliaris","Nonnative","Widespread.invasive",1
"cOtu15","Ascomycota","Dothideomycetes","Dothideales","Saccotheciaceae","Aureobasidium",144753,"Melinis","Melinis.repens","Nonnative","Widespread.invasive",1
"cOtu15","Ascomycota","Dothideomycetes","Dothideales","Saccotheciaceae","Aureobasidium",144757,"Cenchrus","Cenchrus.ciliaris","Nonnative","Widespread.invasive",1
"cOtu15","Ascomycota","Dothideomycetes","Dothideales","Saccotheciaceae","Aureobasidium",144765,"Elionurus","Elionurus.tripsacoides","Native","Native",1
"cOtu16","Ascomycota","Dothideomycetes","Dothideales","Saccotheciaceae","Aureobasidium",144757,"Cenchrus","Cenchrus.ciliaris","Nonnative","Widespread.invasive",1
"cOtu17","Ascomycota","Sordariomycetes","Hypocreales","Sarocladiaceae","Sarocladium",144748,"Megathyrsus","Megathyrsus.maximus","Nonnative","Widespread.invasive",1
"cOtu17","Ascomycota","Sordariomycetes","Hypocreales","Sarocladiaceae","Sarocladium",144753,"Melinis","Melinis.repens","Nonnative","Widespread.invasive",2
"cOtu17","Ascomycota","Sordariomycetes","Hypocreales","Sarocladiaceae","Sarocladium",144757,"Cenchrus","Cenchrus.ciliaris","Nonnative","Widespread.invasive",1
"cOtu18","Basidiomycota","Ustilaginomycetes","Ustilaginales","Ustilaginaceae","Ustilago",144757,"Cenchrus","Cenchrus.ciliaris","Nonnative","Widespread.invasive",1
"cOtu19","Ascomycota","Dothideomycetes","Pleosporales","Pleosporaceae","Alternaria",144757,"Cenchrus","Cenchrus.ciliaris","Nonnative","Widespread.invasive",1
"cOtu20","Ascomycota","Dothideomycetes","Pleosporales","Pleosporaceae","Exserohilum",144747,"Megathyrsus","Megathyrsus.maximus","Nonnative","Widespread.invasive",3
"cOtu20","Ascomycota","Dothideomycetes","Pleosporales","Pleosporaceae","Exserohilum",144750,"Urochloa","Urochloa.mosambicensis","Nonnative","Established",1
"cOtu20","Ascomycota","Dothideomycetes","Pleosporales","Pleosporaceae","Exserohilum",144751,"Urochloa","Urochloa.mosambicensis","Nonnative","Established",2
"cOtu20","Ascomycota","Dothideomycetes","Pleosporales","Pleosporaceae","Exserohilum",144752,"Melinis","Melinis.repens","Nonnative","Widespread.invasive",2
"cOtu20","Ascomycota","Dothideomycetes","Pleosporales","Pleosporaceae","Exserohilum",144753,"Melinis","Melinis.repens","Nonnative","Widespread.invasive",2
"cOtu20","Ascomycota","Dothideomycetes","Pleosporales","Pleosporaceae","Exserohilum",144754,"Melinis","Melinis.repens","Nonnative","Widespread.invasive",4
"cOtu20","Ascomycota","Dothideomycetes","Pleosporales","Pleosporaceae","Exserohilum",144757,"Cenchrus","Cenchrus.ciliaris","Nonnative","Widespread.invasive",1
"cOtu20","Ascomycota","Dothideomycetes","Pleosporales","Pleosporaceae","Exserohilum",144758,"Setaria","Setaria.parviflora","Native","Native",4
"cOtu20","Ascomycota","Dothideomycetes","Pleosporales","Pleosporaceae","Exserohilum",144759,"Setaria","Setaria.parviflora","Native","Native",3
"cOtu20","Ascomycota","Dothideomycetes","Pleosporales","Pleosporaceae","Exserohilum",144760,"Setaria","Setaria.parviflora","Native","Native",3
"cOtu20","Ascomycota","Dothideomycetes","Pleosporales","Pleosporaceae","Exserohilum",144764,"Elionurus","Elionurus.tripsacoides","Native","Native",2
"cOtu21","Ascomycota","Dothideomycetes","Pleosporales","Didymosphaeriaceae","Paraconiothyrium",144746,"Megathyrsus","Megathyrsus.maximus","Nonnative","Widespread.invasive",1
"cOtu22","Basidiomycota","Agaricomycetes","Polyporales","Fomitopsidaceae","Buglossoporus",144746,"Megathyrsus","Megathyrsus.maximus","Nonnative","Widespread.invasive",1
"cOtu23","Ascomycota","Dothideomycetes","Pleosporales","Pleosporaceae","Exserohilum",144747,"Megathyrsus","Megathyrsus.maximus","Nonnative","Widespread.invasive",1
"cOtu24","Ascomycota","Eurotiomycetes","Eurotiales","Aspergillaceae","Aspergillus",144747,"Megathyrsus","Megathyrsus.maximus","Nonnative","Widespread.invasive",1
"cOtu25","Ascomycota","Dothideomycetes","Pleosporales","Pleosporaceae","Exserohilum",144747,"Megathyrsus","Megathyrsus.maximus","Nonnative","Widespread.invasive",1
"cOtu25","Ascomycota","Dothideomycetes","Pleosporales","Pleosporaceae","Exserohilum",144749,"Paspalum","Paspalum.plicatum","Native","Native",1
"cOtu26","Ascomycota","Dothideomycetes","Pleosporales","Pleosporaceae","Exserohilum",144747,"Megathyrsus","Megathyrsus.maximus","Nonnative","Widespread.invasive",1
"cOtu26","Ascomycota","Dothideomycetes","Pleosporales","Pleosporaceae","Exserohilum",144749,"Paspalum","Paspalum.plicatum","Native","Native",1
"cOtu26","Ascomycota","Dothideomycetes","Pleosporales","Pleosporaceae","Exserohilum",144750,"Urochloa","Urochloa.mosambicensis","Nonnative","Established",1
"cOtu26","Ascomycota","Dothideomycetes","Pleosporales","Pleosporaceae","Exserohilum",144753,"Melinis","Melinis.repens","Nonnative","Widespread.invasive",4
"cOtu26","Ascomycota","Dothideomycetes","Pleosporales","Pleosporaceae","Exserohilum",144754,"Melinis","Melinis.repens","Nonnative","Widespread.invasive",5
"cOtu27","Ascomycota","Dothideomycetes","Capnodiales","Capnodiales incertae sedis","Arthrocatena",144748,"Megathyrsus","Megathyrsus.maximus","Nonnative","Widespread.invasive",1
"cOtu28","Ascomycota","Sordariomycetes","Hypocreales","Sarocladiaceae","Sarocladium",144752,"Melinis","Melinis.repens","Nonnative","Widespread.invasive",1
"cOtu28","Ascomycota","Sordariomycetes","Hypocreales","Sarocladiaceae","Sarocladium",144759,"Setaria","Setaria.parviflora","Native","Native",1
"cOtu28","Ascomycota","Sordariomycetes","Hypocreales","Sarocladiaceae","Sarocladium",144765,"Elionurus","Elionurus.tripsacoides","Native","Native",1
"cOtu29","Ascomycota","Dothideomycetes","Pleosporales","Phaeosphaeriaceae","Didymocyrtis",144751,"Urochloa","Urochloa.mosambicensis","Nonnative","Established",1
"cOtu29","Ascomycota","Dothideomycetes","Pleosporales","Phaeosphaeriaceae","Didymocyrtis",144752,"Melinis","Melinis.repens","Nonnative","Widespread.invasive",1
"cOtu30","Ascomycota","Sordariomycetes","Xylariales","Apiosporaceae","Nigrospora",144752,"Melinis","Melinis.repens","Nonnative","Widespread.invasive",4
"cOtu30","Ascomycota","Sordariomycetes","Xylariales","Apiosporaceae","Nigrospora",144754,"Melinis","Melinis.repens","Nonnative","Widespread.invasive",1
"cOtu31","Ascomycota","Dothideomycetes","Pleosporales","Didymosphaeriaceae","Paraphaeosphaeria",144752,"Melinis","Melinis.repens","Nonnative","Widespread.invasive",1
"cOtu31","Ascomycota","Dothideomycetes","Pleosporales","Didymosphaeriaceae","Paraphaeosphaeria",144753,"Melinis","Melinis.repens","Nonnative","Widespread.invasive",1
"cOtu31","Ascomycota","Dothideomycetes","Pleosporales","Didymosphaeriaceae","Paraphaeosphaeria",144754,"Melinis","Melinis.repens","Nonnative","Widespread.invasive",1
"cOtu31","Ascomycota","Dothideomycetes","Pleosporales","Didymosphaeriaceae","Paraphaeosphaeria",144765,"Elionurus","Elionurus.tripsacoides","Native","Native",1
"cOtu32","Ascomycota","Sordariomycetes","Xylariales","Apiosporaceae","Nigrospora",144752,"Melinis","Melinis.repens","Nonnative","Widespread.invasive",1
"cOtu33","Ascomycota","Sordariomycetes","Xylariales","Apiosporaceae","Nigrospora",144752,"Melinis","Melinis.repens","Nonnative","Widespread.invasive",1
"cOtu33","Ascomycota","Sordariomycetes","Xylariales","Apiosporaceae","Nigrospora",144753,"Melinis","Melinis.repens","Nonnative","Widespread.invasive",1
"cOtu33","Ascomycota","Sordariomycetes","Xylariales","Apiosporaceae","Nigrospora",144754,"Melinis","Melinis.repens","Nonnative","Widespread.invasive",2
"cOtu34","Ascomycota","Dothideomycetes","Pleosporales","Lentitheciaceae","Keissleriella",144752,"Melinis","Melinis.repens","Nonnative","Widespread.invasive",1
"cOtu35","Ascomycota","Sordariomycetes","Hypocreales","Hypocreales incertae sedis","Trichothecium",144752,"Melinis","Melinis.repens","Nonnative","Widespread.invasive",1
"cOtu35","Ascomycota","Sordariomycetes","Hypocreales","Hypocreales incertae sedis","Trichothecium",144764,"Elionurus","Elionurus.tripsacoides","Native","Native",1
"cOtu36","Ascomycota","Sordariomycetes","Hypocreales","Hypocreaceae","Kiflimonium",144752,"Melinis","Melinis.repens","Nonnative","Widespread.invasive",1
"cOtu37","Ascomycota","Dothideomycetes","Cladosporiales","Cladosporiaceae","Toxicocladosporium",144752,"Melinis","Melinis.repens","Nonnative","Widespread.invasive",2
"cOtu38","Ascomycota","Dothideomycetes","Venturiales","Sympoventuriaceae","Yunnanomyces",144752,"Melinis","Melinis.repens","Nonnative","Widespread.invasive",1
"cOtu39","Ascomycota","Dothideomycetes","Pleosporales","Phaeosphaeriaceae","Phaeosphaeria",144751,"Urochloa","Urochloa.mosambicensis","Nonnative","Established",1
"cOtu39","Ascomycota","Dothideomycetes","Pleosporales","Phaeosphaeriaceae","Phaeosphaeria",144752,"Melinis","Melinis.repens","Nonnative","Widespread.invasive",2
"cOtu39","Ascomycota","Dothideomycetes","Pleosporales","Phaeosphaeriaceae","Phaeosphaeria",144753,"Melinis","Melinis.repens","Nonnative","Widespread.invasive",1
"cOtu39","Ascomycota","Dothideomycetes","Pleosporales","Phaeosphaeriaceae","Phaeosphaeria",144754,"Melinis","Melinis.repens","Nonnative","Widespread.invasive",1
"cOtu39","Ascomycota","Dothideomycetes","Pleosporales","Phaeosphaeriaceae","Phaeosphaeria",144758,"Setaria","Setaria.parviflora","Native","Native",1
"cOtu40","Ascomycota","Dothideomycetes","Cladosporiales","Cladosporiaceae","Melanodothis",144751,"Urochloa","Urochloa.mosambicensis","Nonnative","Established",1
"cOtu40","Ascomycota","Dothideomycetes","Cladosporiales","Cladosporiaceae","Melanodothis",144752,"Melinis","Melinis.repens","Nonnative","Widespread.invasive",1
"cOtu40","Ascomycota","Dothideomycetes","Cladosporiales","Cladosporiaceae","Melanodothis",144764,"Elionurus","Elionurus.tripsacoides","Native","Native",1
"cOtu40","Ascomycota","Dothideomycetes","Cladosporiales","Cladosporiaceae","Melanodothis",144765,"Elionurus","Elionurus.tripsacoides","Native","Native",1
"cOtu41","Ascomycota","Dothideomycetes","Pleosporales","Teichosporaceae","Teichospora",144752,"Melinis","Melinis.repens","Nonnative","Widespread.invasive",1
"cOtu41","Ascomycota","Dothideomycetes","Pleosporales","Teichosporaceae","Teichospora",144766,"Elionurus","Elionurus.tripsacoides","Native","Native",1
"cOtu42","Ascomycota","Dothideomycetes","Pleosporales","Phaeosphaeriaceae","Phaeoseptoriella",144752,"Melinis","Melinis.repens","Nonnative","Widespread.invasive",1
"cOtu43","Ascomycota","Dothideomycetes","Mycosphaerellales","Teratosphaeriaceae","Simplicidiella",144752,"Melinis","Melinis.repens","Nonnative","Widespread.invasive",1
"cOtu44","Ascomycota","Sordariomycetes","Xylariales","Apiosporaceae","Nigrospora",144752,"Melinis","Melinis.repens","Nonnative","Widespread.invasive",1
"cOtu45","Ascomycota","Dothideomycetes","Pleosporales","Pleosporaceae","Alternaria",144749,"Paspalum","Paspalum.plicatum","Native","Native",3
"cOtu45","Ascomycota","Dothideomycetes","Pleosporales","Pleosporaceae","Alternaria",144750,"Urochloa","Urochloa.mosambicensis","Nonnative","Established",2
"cOtu45","Ascomycota","Dothideomycetes","Pleosporales","Pleosporaceae","Alternaria",144752,"Melinis","Melinis.repens","Nonnative","Widespread.invasive",1
"cOtu45","Ascomycota","Dothideomycetes","Pleosporales","Pleosporaceae","Alternaria",144753,"Melinis","Melinis.repens","Nonnative","Widespread.invasive",2
"cOtu45","Ascomycota","Dothideomycetes","Pleosporales","Pleosporaceae","Alternaria",144754,"Melinis","Melinis.repens","Nonnative","Widespread.invasive",3
"cOtu45","Ascomycota","Dothideomycetes","Pleosporales","Pleosporaceae","Alternaria",144764,"Elionurus","Elionurus.tripsacoides","Native","Native",1
"cOtu45","Ascomycota","Dothideomycetes","Pleosporales","Pleosporaceae","Alternaria",144766,"Elionurus","Elionurus.tripsacoides","Native","Native",1
"cOtu46","Ascomycota","Dothideomycetes","Pleosporales","Phaeosphaeriaceae","Phaeoseptoriella",144753,"Melinis","Melinis.repens","Nonnative","Widespread.invasive",1
"cOtu47","Ascomycota","Dothideomycetes","Pleosporales","Pleosporaceae","Alternaria",144751,"Urochloa","Urochloa.mosambicensis","Nonnative","Established",1
"cOtu47","Ascomycota","Dothideomycetes","Pleosporales","Pleosporaceae","Alternaria",144753,"Melinis","Melinis.repens","Nonnative","Widespread.invasive",5
"cOtu47","Ascomycota","Dothideomycetes","Pleosporales","Pleosporaceae","Alternaria",144754,"Melinis","Melinis.repens","Nonnative","Widespread.invasive",1
"cOtu48","Ascomycota","Sordariomycetes","Xylariales","Apiosporaceae","Nigrospora",144753,"Melinis","Melinis.repens","Nonnative","Widespread.invasive",1
"cOtu49","Ascomycota","Sordariomycetes","Xylariales","Apiosporaceae","Nigrospora",144750,"Urochloa","Urochloa.mosambicensis","Nonnative","Established",1
"cOtu49","Ascomycota","Sordariomycetes","Xylariales","Apiosporaceae","Nigrospora",144753,"Melinis","Melinis.repens","Nonnative","Widespread.invasive",4
"cOtu50","Ascomycota","Dothideomycetes","Pleosporales","Phaeosphaeriaceae","Xenophaeosphaeria",144753,"Melinis","Melinis.repens","Nonnative","Widespread.invasive",1
"cOtu51","Ascomycota","Sordariomycetes","Xylariales","Apiosporaceae","Nigrospora",144753,"Melinis","Melinis.repens","Nonnative","Widespread.invasive",1
"cOtu51","Ascomycota","Sordariomycetes","Xylariales","Apiosporaceae","Nigrospora",144754,"Melinis","Melinis.repens","Nonnative","Widespread.invasive",1
"cOtu52","Ascomycota","Sordariomycetes","Hypocreales","Hypocreaceae","Trichoderma",144753,"Melinis","Melinis.repens","Nonnative","Widespread.invasive",1
"cOtu53","Ascomycota","Sordariomycetes","Hypocreales","Sarocladiaceae","Parasarocladium",144753,"Melinis","Melinis.repens","Nonnative","Widespread.invasive",1
"cOtu54","Basidiomycota","Tremellomycetes","Tremellales","Naemateliaceae","Dimennazyma",144753,"Melinis","Melinis.repens","Nonnative","Widespread.invasive",1
"cOtu55","Ascomycota","Dothideomycetes","Pleosporales","Didymellaceae","Dimorphoma",144753,"Melinis","Melinis.repens","Nonnative","Widespread.invasive",1
"cOtu55","Ascomycota","Dothideomycetes","Pleosporales","Didymellaceae","Dimorphoma",144754,"Melinis","Melinis.repens","Nonnative","Widespread.invasive",1
"cOtu56","Basidiomycota","Tremellomycetes","Tremellales","Naemateliaceae","Dimennazyma",144753,"Melinis","Melinis.repens","Nonnative","Widespread.invasive",1
"cOtu57","Ascomycota","Sordariomycetes","Xylariales","Apiosporaceae","Nigrospora",144753,"Melinis","Melinis.repens","Nonnative","Widespread.invasive",1
"cOtu58","Ascomycota","Sordariomycetes","Hypocreales","Stachybotryaceae","Alfaria",144753,"Melinis","Melinis.repens","Nonnative","Widespread.invasive",1
"cOtu58","Ascomycota","Sordariomycetes","Hypocreales","Stachybotryaceae","Alfaria",144764,"Elionurus","Elionurus.tripsacoides","Native","Native",1
"cOtu59","Ascomycota","Dothideomycetes","Pleosporales","Pleosporaceae","Alternaria",144749,"Paspalum","Paspalum.plicatum","Native","Native",2
"cOtu59","Ascomycota","Dothideomycetes","Pleosporales","Pleosporaceae","Alternaria",144753,"Melinis","Melinis.repens","Nonnative","Widespread.invasive",1
"cOtu60","Ascomycota","Dothideomycetes","Pleosporales","Pleosporales incertae sedis","Flavomyces",144753,"Melinis","Melinis.repens","Nonnative","Widespread.invasive",1
"cOtu61","Ascomycota","Dothideomycetes","Pleosporales","Didymosphaeriaceae","Kalmusia",144751,"Urochloa","Urochloa.mosambicensis","Nonnative","Established",1
"cOtu61","Ascomycota","Dothideomycetes","Pleosporales","Didymosphaeriaceae","Kalmusia",144754,"Melinis","Melinis.repens","Nonnative","Widespread.invasive",3
"cOtu61","Ascomycota","Dothideomycetes","Pleosporales","Didymosphaeriaceae","Kalmusia",144758,"Setaria","Setaria.parviflora","Native","Native",1
"cOtu62","Ascomycota","Sordariomycetes","Xylariales","Apiosporaceae","Nigrospora",144754,"Melinis","Melinis.repens","Nonnative","Widespread.invasive",1
"cOtu63","Ascomycota","Dothideomycetes","Pleosporales","Pleosporaceae","Exserohilum",144754,"Melinis","Melinis.repens","Nonnative","Widespread.invasive",1
"cOtu64","Ascomycota","Sordariomycetes","Xylariales","Apiosporaceae","Nigrospora",144754,"Melinis","Melinis.repens","Nonnative","Widespread.invasive",1
"cOtu65","Ascomycota","Sordariomycetes","Hypocreales","Hypocreales incertae sedis","Trichothecium",144754,"Melinis","Melinis.repens","Nonnative","Widespread.invasive",1
"cOtu66","Ascomycota","Sordariomycetes","Hypocreales","Sarocladiaceae","Parasarocladium",144754,"Melinis","Melinis.repens","Nonnative","Widespread.invasive",1
"cOtu67","Ascomycota","Dothideomycetes","Mycosphaerellales","Dissoconiaceae","Paradissoconium",144754,"Melinis","Melinis.repens","Nonnative","Widespread.invasive",1
"cOtu68","Ascomycota","Sordariomycetes","Xylariales","Apiosporaceae","Nigrospora",144754,"Melinis","Melinis.repens","Nonnative","Widespread.invasive",1
"cOtu69","Ascomycota","Sordariomycetes","Hypocreales","Sarocladiaceae","Sarocladium",144754,"Melinis","Melinis.repens","Nonnative","Widespread.invasive",4
"cOtu69","Ascomycota","Sordariomycetes","Hypocreales","Sarocladiaceae","Sarocladium",144764,"Elionurus","Elionurus.tripsacoides","Native","Native",5
"cOtu69","Ascomycota","Sordariomycetes","Hypocreales","Sarocladiaceae","Sarocladium",144765,"Elionurus","Elionurus.tripsacoides","Native","Native",1
"cOtu70","Ascomycota","Dothideomycetes","Pleosporales","Didymosphaeriaceae","Kalmusia",144754,"Melinis","Melinis.repens","Nonnative","Widespread.invasive",2
"cOtu70","Ascomycota","Dothideomycetes","Pleosporales","Didymosphaeriaceae","Kalmusia",144766,"Elionurus","Elionurus.tripsacoides","Native","Native",1
"cOtu71","Ascomycota","Sordariomycetes","Xylariales","Apiosporaceae","Nigrospora",144754,"Melinis","Melinis.repens","Nonnative","Widespread.invasive",1
"cOtu72","Ascomycota","Dothideomycetes","Pleosporales","Didymosphaeriaceae","Kalmusia",144754,"Melinis","Melinis.repens","Nonnative","Widespread.invasive",1
"cOtu73","Ascomycota","Sordariomycetes","Hypocreales","Nectriaceae","Fusarium",144754,"Melinis","Melinis.repens","Nonnative","Widespread.invasive",1
"cOtu74","Ascomycota","Sordariomycetes","Xylariales","Apiosporaceae","Nigrospora",144754,"Melinis","Melinis.repens","Nonnative","Widespread.invasive",1
"cOtu74","Ascomycota","Sordariomycetes","Xylariales","Apiosporaceae","Nigrospora",144759,"Setaria","Setaria.parviflora","Native","Native",1
"cOtu75","Ascomycota","Dothideomycetes","Pleosporales","Didymosphaeriaceae","Pseudopithomyces",144754,"Melinis","Melinis.repens","Nonnative","Widespread.invasive",1
"cOtu76","Ascomycota","Sordariomycetes","Xylariales","Apiosporaceae","Nigrospora",144754,"Melinis","Melinis.repens","Nonnative","Widespread.invasive",1
"cOtu77","Ascomycota","Dothideomycetes","Pleosporales","Didymosphaeriaceae","Tremateia",144764,"Elionurus","Elionurus.tripsacoides","Native","Native",1
"cOtu78","Ascomycota","Sordariomycetes","Glomerellales","Glomerellaceae","Colletotrichum",144764,"Elionurus","Elionurus.tripsacoides","Native","Native",2
"cOtu78","Ascomycota","Sordariomycetes","Glomerellales","Glomerellaceae","Colletotrichum",144766,"Elionurus","Elionurus.tripsacoides","Native","Native",1
"cOtu80","Basidiomycota","Cystobasidiomycetes","Cystobasidiomycetes incertae sedis","Symmetrosporaceae","Symmetrospora",144764,"Elionurus","Elionurus.tripsacoides","Native","Native",2
"cOtu80","Basidiomycota","Cystobasidiomycetes","Cystobasidiomycetes incertae sedis","Symmetrosporaceae","Symmetrospora",144766,"Elionurus","Elionurus.tripsacoides","Native","Native",3
"cOtu81","Basidiomycota","Ustilaginomycetes","Ustilaginales","Ustilaginaceae","Anthracocystis",144764,"Elionurus","Elionurus.tripsacoides","Native","Native",2
"cOtu81","Basidiomycota","Ustilaginomycetes","Ustilaginales","Ustilaginaceae","Anthracocystis",144766,"Elionurus","Elionurus.tripsacoides","Native","Native",2
"cOtu82","Ascomycota","Dothideomycetes","Pleosporales","Pleosporaceae","Alternaria",144764,"Elionurus","Elionurus.tripsacoides","Native","Native",1
"cOtu82","Ascomycota","Dothideomycetes","Pleosporales","Pleosporaceae","Alternaria",144766,"Elionurus","Elionurus.tripsacoides","Native","Native",1
"cOtu83","Ascomycota","Sordariomycetes","Hypocreales","Sarocladiaceae","Parasarocladium",144758,"Setaria","Setaria.parviflora","Native","Native",1
"cOtu83","Ascomycota","Sordariomycetes","Hypocreales","Sarocladiaceae","Parasarocladium",144764,"Elionurus","Elionurus.tripsacoides","Native","Native",1
"cOtu83","Ascomycota","Sordariomycetes","Hypocreales","Sarocladiaceae","Parasarocladium",144765,"Elionurus","Elionurus.tripsacoides","Native","Native",1
"cOtu83","Ascomycota","Sordariomycetes","Hypocreales","Sarocladiaceae","Parasarocladium",144766,"Elionurus","Elionurus.tripsacoides","Native","Native",1
"cOtu84","Basidiomycota","Tremellomycetes","Tremellales","Bulleraceae","Genolevuria",144764,"Elionurus","Elionurus.tripsacoides","Native","Native",1
"cOtu85","Ascomycota","Dothideomycetes","Pleosporales","Pleosporaceae","Alternaria",144750,"Urochloa","Urochloa.mosambicensis","Nonnative","Established",1
"cOtu85","Ascomycota","Dothideomycetes","Pleosporales","Pleosporaceae","Alternaria",144764,"Elionurus","Elionurus.tripsacoides","Native","Native",1
"cOtu86","Ascomycota","Dothideomycetes","Pleosporales","Didymosphaeriaceae","Pseudocamarosporium",144764,"Elionurus","Elionurus.tripsacoides","Native","Native",1
"cOtu86","Ascomycota","Dothideomycetes","Pleosporales","Didymosphaeriaceae","Pseudocamarosporium",144766,"Elionurus","Elionurus.tripsacoides","Native","Native",4
"cOtu88","Ascomycota","Dothideomycetes","Pleosporales","Didymosphaeriaceae","Paraphaeosphaeria",144765,"Elionurus","Elionurus.tripsacoides","Native","Native",2
"cOtu89","Ascomycota","Dothideomycetes","Pleosporales","Pleosporaceae","Pyrenophora",144765,"Elionurus","Elionurus.tripsacoides","Native","Native",1
"cOtu90","Ascomycota","Dothideomycetes","Pleosporales","Didymosphaeriaceae","Kalmusia",144765,"Elionurus","Elionurus.tripsacoides","Native","Native",2
"cOtu90","Ascomycota","Dothideomycetes","Pleosporales","Massarinaceae","Pseudodidymosphaeria",144765,"Elionurus","Elionurus.tripsacoides","Native","Native",2
"cOtu91","Ascomycota","Dothideomycetes","Pleosporales","Pleosporaceae","Alternaria",144765,"Elionurus","Elionurus.tripsacoides","Native","Native",2
"cOtu91","Ascomycota","Dothideomycetes","Pleosporales","Pleosporaceae","Alternaria",144766,"Elionurus","Elionurus.tripsacoides","Native","Native",1
"cOtu92","Ascomycota","Dothideomycetes","Pleosporales","Didymellaceae","Xenodidymella",144758,"Setaria","Setaria.parviflora","Native","Native",2
"cOtu92","Ascomycota","Dothideomycetes","Pleosporales","Didymellaceae","Xenodidymella",144765,"Elionurus","Elionurus.tripsacoides","Native","Native",1
"cOtu93","Basidiomycota","Tremellomycetes","Tremellales","Cuniculitremaceae","Kockovaella",144766,"Elionurus","Elionurus.tripsacoides","Native","Native",2
"cOtu94","Bacillariophyta","Coscinodiscophyceae","Thalassiosirales","Thalassiosiraceae","Thalassiosira",144766,"Elionurus","Elionurus.tripsacoides","Native","Native",1
"cOtu95","Ascomycota","Sordariomycetes","Hypocreales","Ophiocordycipitaceae","Purpureocillium",144766,"Elionurus","Elionurus.tripsacoides","Native","Native",1
"cOtu96","Ascomycota","Dothideomycetes","Pleosporales","Pleosporaceae","Alternaria",144766,"Elionurus","Elionurus.tripsacoides","Native","Native",1
"cOtu97","Ascomycota","Dothideomycetes","Pleosporales","Didymellaceae","Dimorphoma",144766,"Elionurus","Elionurus.tripsacoides","Native","Native",1
"cOtu98","Ascomycota","Dothideomycetes","Pleosporales","Pleosporaceae","Exserohilum",144766,"Elionurus","Elionurus.tripsacoides","Native","Native",1
"cOtu99","Basidiomycota","Ustilaginomycetes","Ustilaginales","Cintractiellaceae","Cintractiella",144766,"Elionurus","Elionurus.tripsacoides","Native","Native",1
"cOtu100","Ascomycota","Dothideomycetes","Pleosporales","Pleosporaceae","Alternaria",144758,"Setaria","Setaria.parviflora","Native","Native",1
"cOtu100","Ascomycota","Dothideomycetes","Pleosporales","Pleosporaceae","Alternaria",144766,"Elionurus","Elionurus.tripsacoides","Native","Native",2
"cOtu101","Basidiomycota","Cystobasidiomycetes","Erythrobasidiales","Erythrobasidiaceae","Erythrobasidium",144766,"Elionurus","Elionurus.tripsacoides","Native","Native",1
"cOtu102","Ascomycota","Dothideomycetes","Pleosporales","Didymosphaeriaceae","Paraphaeosphaeria",144766,"Elionurus","Elionurus.tripsacoides","Native","Native",1
"cOtu103","Ascomycota","Dothideomycetes","Pleosporales","Teichosporaceae","Teichospora",144758,"Setaria","Setaria.parviflora","Native","Native",1
"cOtu104","Basidiomycota","Agaricomycetes","Polyporales","Grifolaceae","Grifola",144759,"Setaria","Setaria.parviflora","Native","Native",1
"cOtu105","Ascomycota","Dothideomycetes","Pleosporales","Pleosporaceae","Exserohilum",144759,"Setaria","Setaria.parviflora","Native","Native",1
"cOtu106","Basidiomycota","Microbotryomycetes","Sporidiobolales","Sporidiobolaceae","Rhodotorula",144750,"Urochloa","Urochloa.mosambicensis","Nonnative","Established",1
"cOtu106","Basidiomycota","Microbotryomycetes","Sporidiobolales","Sporidiobolaceae","Rhodotorula",144759,"Setaria","Setaria.parviflora","Native","Native",2
"cOtu107","Ascomycota","Dothideomycetes","Pleosporales","Pleosporaceae","Alternaria",144759,"Setaria","Setaria.parviflora","Native","Native",1
"cOtu108","Basidiomycota","Microbotryomycetes","Sporidiobolales","Sporidiobolaceae","Rhodotorula",144759,"Setaria","Setaria.parviflora","Native","Native",1
"cOtu109","Ascomycota","Sordariomycetes","Diaporthales","Diaporthaceae","Chiangraiomyces",144749,"Paspalum","Paspalum.plicatum","Native","Native",4
"cOtu109","Ascomycota","Sordariomycetes","Diaporthales","Diaporthaceae","Chiangraiomyces",144751,"Urochloa","Urochloa.mosambicensis","Nonnative","Established",1
"cOtu109","Ascomycota","Sordariomycetes","Diaporthales","Diaporthaceae","Chiangraiomyces",144759,"Setaria","Setaria.parviflora","Native","Native",1
"cOtu110","Ascomycota","Dothideomycetes","Pleosporales","Pleosporaceae","Exserohilum",144760,"Setaria","Setaria.parviflora","Native","Native",1
"cOtu111","Ascomycota","Dothideomycetes","Pleosporales","Pleosporaceae","Exserohilum",144750,"Urochloa","Urochloa.mosambicensis","Nonnative","Established",1
"cOtu111","Ascomycota","Dothideomycetes","Pleosporales","Pleosporaceae","Exserohilum",144751,"Urochloa","Urochloa.mosambicensis","Nonnative","Established",1
"cOtu111","Ascomycota","Dothideomycetes","Pleosporales","Pleosporaceae","Exserohilum",144760,"Setaria","Setaria.parviflora","Native","Native",1
"cOtu112","Basidiomycota","Microbotryomycetes","Sporidiobolales","Sporidiobolaceae","Rhodotorula",144760,"Setaria","Setaria.parviflora","Native","Native",1
"cOtu113","Ascomycota","Sordariomycetes","Xylariales","Apiosporaceae","Nigrospora",144760,"Setaria","Setaria.parviflora","Native","Native",1
"cOtu114","Ascomycota","Sordariomycetes","Xylariales","Apiosporaceae","Nigrospora",144760,"Setaria","Setaria.parviflora","Native","Native",1
"cOtu115","Ascomycota","Sordariomycetes","Diaporthales","Diaporthaceae","Chiangraiomyces",144749,"Paspalum","Paspalum.plicatum","Native","Native",1
"cOtu116","Ascomycota","Dothideomycetes","Muyocopronales","Muyocopronaceae","Muyocopron",144749,"Paspalum","Paspalum.plicatum","Native","Native",1
"cOtu117","Ascomycota","Sordariomycetes","Hypocreales","Stachybotryaceae","Alfaria",144749,"Paspalum","Paspalum.plicatum","Native","Native",1
"cOtu118","Ascomycota","Dothideomycetes","Pleosporales","Pleosporaceae","Exserohilum",144749,"Paspalum","Paspalum.plicatum","Native","Native",1
"cOtu119","Basidiomycota","Microbotryomycetes","Sporidiobolales","Sporidiobolaceae","Sporidiobolus",144750,"Urochloa","Urochloa.mosambicensis","Nonnative","Established",3
"cOtu120","Ascomycota","Sordariomycetes","Xylariales","Xylariaceae","Durotheca",144750,"Urochloa","Urochloa.mosambicensis","Nonnative","Established",2
"cOtu121","Basidiomycota","Tremellomycetes","Tremellales","Bulleribasidiaceae","Hannaella",144750,"Urochloa","Urochloa.mosambicensis","Nonnative","Established",1
"cOtu122","Basidiomycota","Ustilaginomycetes","Ustilaginales","Ustilaginaceae","Ustilago",144750,"Urochloa","Urochloa.mosambicensis","Nonnative","Established",1
"cOtu123","Basidiomycota","Tremellomycetes","Tremellales","Trimorphomycetaceae","Saitozyma",144750,"Urochloa","Urochloa.mosambicensis","Nonnative","Established",1
"cOtu123","Basidiomycota","Tremellomycetes","Tremellales","Trimorphomycetaceae","Saitozyma",144751,"Urochloa","Urochloa.mosambicensis","Nonnative","Established",1
"cOtu124","Basidiomycota","Agaricomycetes","Agaricales","Schizophyllaceae","Henningsomyces",144750,"Urochloa","Urochloa.mosambicensis","Nonnative","Established",1
"cOtu125","Ascomycota","Dothideomycetes","Pleosporales","Pleosporaceae","Alternaria",144750,"Urochloa","Urochloa.mosambicensis","Nonnative","Established",1
"cOtu126","Ascomycota","Lichinomycetes","Lichinales","Lichinaceae","Lichinella",144751,"Urochloa","Urochloa.mosambicensis","Nonnative","Established",1
"cOtu127","Basidiomycota","Tremellomycetes","Tremellales","Rhynchogastremataceae","Papiliotrema",144751,"Urochloa","Urochloa.mosambicensis","Nonnative","Established",1
"cOtu128","Basidiomycota","Agaricomycetes","Polyporales","Meruliaceae","Phlebia",144751,"Urochloa","Urochloa.mosambicensis","Nonnative","Established",1
