"Otu","Phylum","Class","Order","Family","Genus","Database","likelihood.weight"
"Otu10","Basidiomycota","Agaricomycetes","Boletales","Boletaceae","Boletus","Unite",NA
"Otu45","Ascomycota","Dothideomycetes","Pleosporales","Pleosporaceae","Bipolaris","Unite",NA
"Otu26","Ascomycota","Dothideomycetes","Pleosporales","Pleosporales_fam_Incertae_sedis","Pleosporales_gen_Incertae_sedis","Unite",NA
"Otu41","Ascomycota","Dothideomycetes","Pleosporales","Pleosporales_fam_Incertae_sedis","Pleosporales_gen_Incertae_sedis","Unite",NA
"Otu4","Basidiomycota","Agaricomycetes","Boletales","Boletaceae","Boletus","Unite",NA
"Otu143","Ascomycota","Dothideomycetes","Pleosporales","Pleosporaceae","Exserohilum","Tbas","0.9651054287"
"Otu96","Basidiomycota","Agaricomycetes","Boletales","Boletaceae","Boletus","Unite",NA
"Otu66","Ascomycota","Dothideomycetes","Pleosporales","Pleosporales_fam_Incertae_sedis","Pleosporales_gen_Incertae_sedis","Unite",NA
"Otu199","Zoopagomycota","Zoopagomycetes","Zoopagales","Helicocephalidaceae","Rhopalomyces","Tbas","0.9959418334"
"Otu209","Ascomycota","Dothideomycetes","Pleosporales","Pleosporaceae","Curvularia","Unite",NA
"Otu35","Ascomycota","Dothideomycetes","Cladosporiales","Cladosporiaceae","Toxicocladosporium","Tbas","0.9795490482"
"Otu137","Unknown","Unknown","Unknown","Unknown","Unknown","Tbas.Unite",NA
"Otu361","Basidiomycota","Agaricomycetes","Thelephorales","Thelephoraceae","Tomentella","Unite",NA
"Otu5","Basidiomycota","Agaricomycetes","Boletales","Boletaceae","Boletus","Unite",NA
"Otu104","Unknown","Unknown","Unknown","Unknown","Unknown","Tbas.Unite",NA
"Otu1","Ascomycota","Pezizomycetes","Pezizales","Morchellaceae","Morchella","Tbas","0.9999647085"
"Otu173","Unknown","Unknown","Unknown","Unknown","Unknown","Tbas.Unite",NA
"Otu9","Basidiomycota","Agaricomycetes","Boletales","Boletaceae","Boletus","Unite",NA
"Otu186","Basidiomycota","Agaricomycetes","Polyporales","Incrustoporiaceae","Skeletocutis","Unite",NA
"Otu288","Ascomycota","Dothideomycetes","Pleosporales","Phaeosphaeriaceae","Phaeoseptoriella","Tbas","0.9999865551"
"Otu135","Basidiomycota","Agaricomycetes","Cantharellales","Cantharellaceae","Cantharellus","Tbas","0.9652097602"
"Otu450","Fungi_phy_Incertae_sedis","Fungi_cls_Incertae_sedis","Fungi_ord_Incertae_sedis","Fungi_fam_Incertae_sedis","Fungi_gen_Incertae_sedis","Unite",NA
"Otu29","Ascomycota","Dothideomycetes","Pleosporales","Pleosporaceae","Curvularia","Unite",NA
"Otu94","Basidiomycota","Tremellomycetes","Filobasidiales","Filobasidiaceae","Filobasidium","Unite",NA
"Otu14","Basidiomycota","Agaricomycetes","Boletales","Boletaceae","Boletus","Unite",NA
"Otu382","Basidiomycota","Agaricomycetes","Agaricales","Psathyrellaceae","Parasola","Tbas","1.0"
"Otu12","Basidiomycota","Agaricomycetes","Boletales","Boletaceae","Boletus","Unite",NA
"Otu3","Basidiomycota","Agaricomycetes","Boletales","Boletaceae","Boletus","Unite",NA
"Otu646","Basidiomycota","Agaricomycetes","Russulales","Russulaceae","Lactifluus","Unite",NA
"Otu414","Basidiomycota","Agaricomycetes","Thelephorales","Thelephoraceae","Tomentella","Unite",NA
"Otu246","Basidiomycota","Agaricomycetes","Polyporales","Phanerochaetaceae","Phanerochaete","Tbas","0.9603863864"
"Otu182","Ascomycota","Dothideomycetes","Pleosporales","Pleosporaceae","Curvularia","Unite",NA
"Otu43","Zoopagomycota","Zoopagomycetes","Zoopagales","Helicocephalidaceae","Rhopalomyces","Tbas","0.9994204425"
"Otu693","Ascomycota","Dothideomycetes","Pleosporales","Pleosporaceae","Curvularia","Unite",NA
"Otu249","Ascomycota","Dothideomycetes","Pleosporales","Pleosporales_fam_Incertae_sedis","Pleosporales_gen_Incertae_sedis","Unite",NA
"Otu188","Basidiomycota","Agaricomycetes","Corticiales","Corticiaceae","Laetisaria","Tbas","0.9999662302"
"Otu91","Chytridiomycota","Chytridiomycota_cls_Incertae_sedis","Chytridiomycota_ord_Incertae_sedis","Chytridiomycota_fam_Incertae_sedis","Chytridiomycota_gen_Incertae_sedis","Unite",NA
"Otu37","Ascomycota","Sordariomycetes","Hypocreales","Stachybotryaceae","Alfaria","Unite",NA
"Otu30","Basidiomycota","Agaricomycetes","Agaricales","Psathyrellaceae","Parasola","Tbas","1.0"
"Otu141","Ascomycota","Dothideomycetes","Pleosporales","Pleosporaceae","Curvularia","Unite",NA
"Otu23","Basidiomycota","Agaricomycetes","Boletales","Boletaceae","Boletus","Unite",NA
"Otu373","Ascomycota","Dothideomycetes","Pleosporales","Periconiaceae","Periconia","Unite",NA
"Otu255","Basidiomycota","Agaricomycetes","Agaricales","Agaricaceae","Agaricus","Tbas","0.9966346302"
"Otu20","Ascomycota","Dothideomycetes","Pleosporales","Didymosphaeriaceae","Paraphaeosphaeria","Unite",NA
"Otu8","Basidiomycota","Agaricomycetes","Boletales","Boletaceae","Boletus","Unite",NA
"Otu22","Ascomycota","Eurotiomycetes","Chaetothyriales","Cyphellophoraceae","Cyphellophora","Unite",NA
"Otu172","Ascomycota","Pezizomycotina_cls_Incertae_sedis","Pezizomycotina_ord_Incertae_sedis","Pezizomycotina_fam_Incertae_sedis","Melanophoma","Unite",NA
"Otu358","Ascomycota","Sordariomycetes","Amphisphaeriales","Apiosporaceae","Apiospora","Unite",NA
"Otu844","Ascomycota","Dothideomycetes","Pleosporales","Pleosporaceae","Curvularia","Unite",NA
"Otu93","Ascomycota","Pezizomycetes","Pezizales","Morchellaceae","Morchella","Tbas","0.9999239383"
"Otu40","Unknown","Unknown","Unknown","Unknown","Unknown","Did not meet thresholds",NA
"Otu11","Basidiomycota","Agaricomycetes","Boletales","Boletaceae","Boletus","Unite",NA
"Otu134","Basidiomycota","Agaricomycetes","Boletales","Boletaceae","Boletus","Unite",NA
"Otu360","Basidiomycota","Agaricomycetes","Agaricales","Inocybaceae","Inocybe","Tbas","1.0"
"Otu2","Basidiomycota","Agaricomycetes","Boletales","Boletaceae","Boletus","Unite",NA
"Otu528","Ascomycota","Geoglossomycetes","Geoglossales","Geoglossaceae","Leucoglossum","Unite",NA
"Otu445","Basidiomycota","Ustilaginomycetes","Ustilaginales","Ustilaginaceae","Anthracocystis","Unite",NA
"Otu362","Ascomycota","Dothideomycetes","Mycosphaerellales","Neodevriesiaceae","Neodevriesiaceae_gen_Incertae_sedis","Unite",NA
"Otu46","Ascomycota","Dothideomycetes","Mycosphaerellales","Neodevriesiaceae","Neodevriesiaceae_gen_Incertae_sedis","Unite",NA
"Otu243","Zoopagomycota","Zoopagomycetes","Zoopagales","Helicocephalidaceae","Rhopalomyces","Tbas","0.9919256451"
"Otu222","Ascomycota","Dothideomycetes","Myriangiales","Elsinoaceae","Elsinoe","Tbas","1.0"
"Otu218","Ascomycota","Dothideomycetes","Pleosporales","Pleosporaceae","Curvularia","Unite",NA
"Otu59","Unknown","Unknown","Unknown","Unknown","Unknown","Tbas.Unite",NA
"Otu237","Basidiomycota","Agaricomycetes","Polyporales","Phanerochaetaceae","Phanerochaete","Tbas","0.9983942558"
"Otu294","Ascomycota","Sordariomycetes","Hypocreales","Stachybotryaceae","Alfaria","Unite",NA
"Otu403","Basidiomycota","Microbotryomycetes","Microbotryomycetes_ord_Incertae_sedis","Chrysozymaceae","Chrysozyma","Unite",NA
"Otu211","Ascomycota","Dothideomycetes","Pleosporales","Phaeosphaeriaceae","Pseudoophiosphaerella","Unite",NA
"Otu210","Ascomycota","Dothideomycetes","Pleosporales","Phaeosphaeriaceae","Phaeosphaeriaceae_gen_Incertae_sedis","Unite",NA
"Otu132","Zoopagomycota","Zoopagomycetes","Zoopagales","Helicocephalidaceae","Rhopalomyces","Tbas","0.9993201751"
"Otu33","Basidiomycota","Tremellomycetes","Tremellales","Bulleribasidiaceae","Vishniacozyma","Unite",NA
"Otu142","Ascomycota","Dothideomycetes","Pleosporales","Phaeosphaeriaceae","Phaeosphaeria","Unite",NA
"Otu239","Ascomycota","Sordariomycetes","Diaporthales","Diaporthaceae","Diaporthe","Unite",NA
"Otu276","Ascomycota","Dothideomycetes","Cladosporiales","Cladosporiaceae","Toxicocladosporium","Unite",NA
"Otu282","Ascomycota","Eurotiomycetes","Chaetothyriales","Chaetothyriales_fam_Incertae_sedis","Chaetothyriales_gen_Incertae_sedis","Unite",NA
"Otu217","Ascomycota","Dothideomycetes","Pleosporales","Pleosporaceae","Stemphylium","Unite",NA
"Otu323","Basidiomycota","Agaricomycetes","Agaricales","Psathyrellaceae","Parasola","Tbas","0.9991021686"
"Otu7","Basidiomycota","Agaricomycetes","Boletales","Boletaceae","Boletus","Unite",NA
"Otu329","Ascomycota","Sordariomycetes","Hypocreales","Bionectriaceae","Bionectriaceae_gen_Incertae_sedis","Unite",NA
"Otu371","Basidiomycota","Tremellomycetes","Tremellales","Bulleribasidiaceae","Vishniacozyma","Unite",NA
"Otu405","Basidiomycota","Ustilaginomycetes","Urocystidales","Urocystidaceae","Thecaphora","Tbas","0.9521048768"
"Otu226","Unknown","Unknown","Unknown","Unknown","Unknown","Did not meet thresholds",NA
"Otu381","Basidiomycota","Ustilaginomycetes","Ustilaginales","Ustilaginaceae","Ustilaginaceae_gen_Incertae_sedis","Unite",NA
"Otu61","Basidiomycota","Agaricomycetes","Sebacinales","Serendipitaceae","Serendipitaceae_gen_Incertae_sedis","Unite",NA
"Otu212","Ascomycota","Saccharomycetes","Saccharomycetales","Saccharomycetaceae","Zygotorulaspora","Unite",NA
"Otu85","Basidiomycota","Agaricomycetes","Boletales","Boletaceae","Boletus","Unite",NA
"Otu324","Unknown","Unknown","Unknown","Unknown","Unknown","Did not meet thresholds",NA
"Otu727","Unknown","Unknown","Unknown","Unknown","Unknown","Tbas.Unite",NA
"Otu184","Basidiomycota","Agaricomycetes","Agaricales","Marasmiaceae","Marasmius","Unite",NA
"Otu231","Ascomycota","Saccharomycetes","Saccharomycetales","Saccharomycetaceae","Zygotorulaspora","Unite",NA
"Otu115","Ascomycota","Saccharomycetes","Saccharomycetales","Dipodascaceae","Magnusiomyces","Tbas","0.9820139824"
"Otu383","Basidiomycota","Agaricomycetes","Agaricales","Agaricaceae","Montagnea","Unite",NA
"Otu279","Ascomycota","Dothideomycetes","Dothideomycetes_ord_Incertae_sedis","Pseudorobillardaceae","Pseudorobillarda","Unite",NA
"Otu435","Ascomycota","Dothideomycetes","Pleosporales","Didymosphaeriaceae","Letendraea","Unite",NA
"Otu423","Basidiomycota","Agaricomycetes","Agaricales","Psathyrellaceae","Parasola","Tbas","1.0"
"Otu126","Ascomycota","Eurotiomycetes","Chaetothyriales","Chaetothyriales_fam_Incertae_sedis","Chaetothyriales_gen_Incertae_sedis","Unite",NA
"Otu341","Basidiomycota","Agaricomycetes","Agaricales","Marasmiaceae","Marasmius","Unite",NA
"Otu379","Basidiomycota","Agaricomycetes","Agaricales","Agaricaceae","Tulostoma","Unite",NA
"Otu251","Basidiomycota","Agaricomycetes","Jaapiales","Jaapiaceae","Jaapia","Tbas","0.9943315953"
"Otu718","Ascomycota","Eurotiomycetes","Eurotiales","Aspergillaceae","Penicillium","Unite",NA
"Otu39","Basidiomycota","Ustilaginomycetes","Ustilaginales","Ustilaginaceae","Anthracocystis","Unite",NA
"Otu261","Basidiomycota","Agaricomycetes","Agaricales","Omphalotaceae","Marasmiellus","Unite",NA
"Otu799","Basidiomycota","Agaricomycetes","Corticiales","Corticiaceae","Laetisaria","Tbas","1.0"
"Otu120","Ascomycota","Dothideomycetes","Cladosporiales","Cladosporiaceae","Toxicocladosporium","Unite",NA
"Otu815","Basidiomycota","Ustilaginomycetes","Ustilaginales","Ustilaginaceae","Ustilago","Unite",NA
"Otu263","Ascomycota","Leotiomycetes","Helotiales","Hyaloscyphaceae","Hyaloscyphaceae_gen_Incertae_sedis","Unite",NA
"Otu79","Ascomycota","Leotiomycetes","Helotiales","Discinellaceae","Articulospora","Unite",NA
"Otu307","Unknown","Unknown","Unknown","Unknown","Unknown","Did not meet thresholds",NA
"Otu409","Basidiomycota","Agaricomycetes","Boletales","Boletaceae","Boletus","Unite",NA
"Otu774","Ascomycota","Sordariomycetes","Branch06","Branch06_fam_Incertae_sedis","Branch06_gen_Incertae_sedis","Unite",NA
"Otu36","Unknown","Unknown","Unknown","Unknown","Unknown","Did not meet thresholds",NA
"Otu852","Choanozoa","Choanoflagellata","Craspedida","Salpingoecidae","Monosiga","Tbas","0.9988637359"
"Otu655","Ascomycota","Lecanoromycetes","Ostropales","Stictidaceae","Glomerobolus","Unite",NA
"Otu21","Ascomycota","Dothideomycetes","Monoblastiales","Monoblastiaceae","Anisomeridium","Unite",NA
"Otu374","Basidiomycota","Ustilaginomycetes","Ustilaginales","Ustilaginaceae","Ustilaginaceae_gen_Incertae_sedis","Unite",NA
"Otu174","Basidiomycota","Agaricomycetes","Corticiales","Corticiaceae","Laetisaria","Tbas","0.9995938939"
"Otu89","Ascomycota","Dothideomycetes","Pleosporales","Phaeosphaeriaceae","Galiicola","Tbas","0.9999996539"
"Otu283","Basidiomycota","Agaricomycetes","Agaricales","Psathyrellaceae","Parasola","Tbas","1.0"
"Otu203","Basidiomycota","Agaricomycetes","Agaricales","Strophariaceae","Agrocybe","Unite",NA
"Otu19","Ascomycota","Dothideomycetes","Monoblastiales","Monoblastiaceae","Anisomeridium","Unite",NA
"Otu225","Ascomycota","Dothideomycetes","Mytilinidiales","Mytilinidiaceae","Pseudocamaropycnis","Tbas","0.965984151"
"Otu865","Ascomycota","Dothideomycetes","Pleosporales","Didymosphaeriaceae","Austropleospora","Tbas","0.960158864"
"Otu74","Ascomycota","Lecanoromycetes","Ostropales","Stictidaceae","Glomerobolus","Unite",NA
"Otu47","Basidiomycota","Agaricomycetes","Sebacinales","Sebacinaceae","Sebacina","Unite",NA
"Otu328","Basidiomycota","Agaricomycetes","Thelephorales","Thelephoraceae","Tomentella","Unite",NA
"Otu411","Ascomycota","Dothideomycetes","Pleosporales","Periconiaceae","Periconia","Unite",NA
"Otu791","Ascomycota","Leotiomycetes","Helotiales","Hyaloscyphaceae","Hyaloscyphaceae_gen_Incertae_sedis","Unite",NA
"Otu241","Ascomycota","Dothideomycetes","Mycosphaerellales","Dissoconiaceae","Paradissoconium","Tbas","0.9815325854"
"Otu966","Ascomycota","Dothideomycetes","Botryosphaeriales","Saccharataceae","Saccharata","Unite",NA
"Otu933","Ascomycota","Sordariomycetes","Hypocreales","Niessliaceae","Niesslia","Unite",NA
"Otu400","Basidiomycota","Agaricomycetes","Agaricales","Agaricaceae","Agaricus","Tbas","0.9999252461"
"Otu169","Ascomycota","Dothideomycetes","Mycosphaerellales","Neodevriesiaceae","Neodevriesiaceae_gen_Incertae_sedis","Unite",NA
"Otu58","Basidiomycota","Agaricomycetes","Polyporales","Phanerochaetaceae","Phlebiopsis","Unite",NA
"Otu412","Unknown","Unknown","Unknown","Unknown","Unknown","Did not meet thresholds",NA
"Otu201","Ascomycota","Sordariomycetes","Hypocreales","Stachybotryaceae","Stachybotrys","Unite",NA
"Otu394","Basidiomycota","Agaricomycetes","Polyporales","Phanerochaetaceae","Phanerochaete","Unite",NA
"Otu849","Rozellomycota","Rozellomycotina_cls_Incertae_sedis","GS11","GS11_fam_Incertae_sedis","GS11_gen_Incertae_sedis","Unite",NA
"Otu83","Ascomycota","Sordariomycetes","Hypocreales","Sarocladiaceae","Sarocladium","Tbas","1.0"
"Otu385","Basidiomycota","Agaricomycetes","Agaricales","Agaricaceae","Agaricus","Tbas","0.9999758682"
"Otu428","Unknown","Unknown","Unknown","Unknown","Unknown","Did not meet thresholds",NA
"Otu533","Basidiomycota","Microbotryomycetes","Microbotryomycetes_ord_Incertae_sedis","Chrysozymaceae","Chrysozyma","Unite",NA
"Otu157","Basidiomycota","Tremellomycetes","Tremellales","Bulleribasidiaceae","Vishniacozyma","Unite",NA
"Otu408","Basidiomycota","Agaricomycetes","Agaricales","Psathyrellaceae","Parasola","Tbas","1.0"
"Otu551","Ascomycota","Dothideomycetes","Myriangiales","Elsinoaceae","Elsinoe","Tbas","1.0"
"Otu56","Basidiomycota","Tremellomycetes","Tremellales","Bulleribasidiaceae","Vishniacozyma","Unite",NA
"Otu388","Ascomycota","Sordariomycetes","Hypocreales","Bionectriaceae","Bionectriaceae_gen_Incertae_sedis","Unite",NA
"Otu215","Basidiomycota","Agaricomycetes","Agaricales","Psathyrellaceae","Parasola","Tbas","1.0"
"Otu167","Ascomycota","Dothideomycetes","Botryosphaeriales","Botryosphaeriaceae","Diplodia","Unite",NA
"Otu553","Basidiomycota","Agaricomycetes","Boletales","Boletaceae","Boletus","Unite",NA
"Otu737","Ascomycota","Saccharomycetes","Saccharomycetales","Debaryomycetaceae","Kurtzmaniella","Unite",NA
"Otu281","Basidiomycota","Agaricomycetes","Polyporales","Phanerochaetaceae","Phanerochaete","Tbas","0.9664521172"
"Otu617","Ascomycota","Sordariomycetes","Hypocreales","Sarocladiaceae","Sarocladium","Tbas","1.0"
"Otu823","Basidiomycota","Agaricomycetes","Polyporales","Phanerochaetaceae","Odontoefibula","Unite",NA
"Otu794","Basidiomycota","Agaricomycetes","Corticiales","Corticiaceae","Laetisaria","Tbas","1.0"
"Otu761","Basidiomycota","Agaricomycetes","Hymenochaetales","Hymenochaetaceae","Hymenochaetaceae_gen_Incertae_sedis","Unite",NA
"Otu164","Basidiomycota","Agaricomycetes","Polyporales","Polyporales_fam_Incertae_sedis","Diplomitoporus","Unite",NA
"Otu771","Ascomycota","Sordariomycetes","Coniochaetales","Coniochaetaceae","Coniochaeta","Tbas","1.0"
"Otu778","Basidiomycota","Ustilaginomycetes","Ustilaginales","Ustilaginaceae","Sporisorium","Unite",NA
"Otu69","Basidiomycota","Agaricomycetes","Corticiales","Corticiaceae","Laetisaria","Tbas","0.9818337187"
"Otu100","Basidiomycota","Agaricomycetes","Russulales","Russulales_fam_Incertae_sedis","Russulales_gen_Incertae_sedis","Unite",NA
"Otu763","Basidiomycota","Agaricomycetes","Agaricales","Psathyrellaceae","Parasola","Tbas","1.0"
"Otu13","Basidiomycota","Agaricomycetes","Boletales","Boletaceae","Boletus","Unite",NA
"Otu65","Basidiomycota","Ustilaginomycetes","Ustilaginales","Ustilaginaceae","Macalpinomyces","Unite",NA
"Otu801","Ascomycota","Geoglossomycetes","Geoglossales","Geoglossaceae","Leucoglossum","Unite",NA
"Otu54","Basidiomycota","Agaricomycetes","Agaricales","Agaricaceae","Agaricus","Tbas","1.0"
"Otu392","Basidiomycota","Ustilaginomycetes","Ustilaginales","Ustilaginaceae","Ustilago","Unite",NA
"Otu368","Basidiomycota","Agaricomycetes","Agaricales","Psathyrellaceae","Parasola","Tbas","1.0"
"Otu208","Basidiomycota","Agaricomycetes","Corticiales","Corticiaceae","Laetisaria","Tbas","0.9955450703"
"Otu752","Basidiomycota","Agaricomycetes","Thelephorales","Thelephoraceae","Tomentella","Unite",NA
"Otu158","Ascomycota","Saccharomycetes","Saccharomycetales","Dipodascaceae","Magnusiomyces","Tbas","0.9934587107"
"Otu230","Basidiomycota","Ustilaginomycetes","Ustilaginales","Ustilaginaceae","Sporisorium","Unite",NA
"Otu919","Unknown","Unknown","Unknown","Unknown","Unknown","Tbas.Unite",NA
"Otu944","Basidiomycota","Agaricomycetes","Hymenochaetales","Hyphodontiaceae","Kneiffiella","Unite",NA
"Otu804","Basidiomycota","Agaricomycetes","Agaricales","Agaricaceae","Agaricus","Tbas","0.9998656011"
"Otu516","Unknown","Unknown","Unknown","Unknown","Unknown","Did not meet thresholds",NA
"Otu790","Ascomycota","Sordariomycetes","Ophiostomatales","Ophiostomataceae","Graphilbum","Unite",NA
"Otu864","Basidiomycota","Agaricomycetes","Polyporales","Ganodermataceae","Ganoderma","Unite",NA
"Otu248","Basidiomycota","Agaricomycetes","Agaricales","Agaricaceae","Tulostoma","Unite",NA
"Otu870","Zoopagomycota","Zoopagomycetes","Zoopagales","Helicocephalidaceae","Rhopalomyces","Tbas","0.9819037289"
"Otu355","Ascomycota","Eurotiomycetes","Eurotiomycetes incertae sedis",".","Paracladophialophora","Tbas","0.9993769773"
"Otu144","Basidiomycota","Agaricomycetes","Boletales","Boletaceae","Boletus","Unite",NA
"Otu25","Microsporidia","Microsporidia incertae sedis",".",".","Antonospora","Tbas","1.0"
"Otu415","Basidiomycota","Agaricomycetes","Boletales","Boletaceae","Boletus","Unite",NA
"Otu375","Unknown","Unknown","Unknown","Unknown","Unknown","Did not meet thresholds",NA
"Otu939","Ascomycota","Dothideomycetes","Pleosporales","Pleosporaceae","Curvularia","Unite",NA
"Otu525","Basidiomycota","Agaricomycetes","Agaricales","Agaricaceae","Agaricus","Tbas","0.9698942892"
"Otu923","Basidiomycota","Agaricomycetes","Sebacinales","Serendipitaceae","Serendipitaceae_gen_Incertae_sedis","Unite",NA
"Otu153","Basidiomycota","Agaricomycetes","Agaricales","Inocybaceae","Inocybe","Tbas","0.9999665639"
"Otu44","Unknown","Unknown","Unknown","Unknown","Unknown","Did not meet thresholds",NA
"Otu53","Ascomycota","Pezizomycetes","Pezizales","Morchellaceae","Morchella","Tbas","0.9863216867"
"Otu410","Unknown","Unknown","Unknown","Unknown","Unknown","Did not meet thresholds",NA
"Otu365","Basidiomycota","Agaricomycetes","Boletales","Boletaceae","Boletus","Unite",NA
"Otu363","Basidiomycota","Ustilaginomycetes","Urocystidales","Floromycetaceae","Antherospora","Unite",NA
"Otu426","Basidiomycota","Agaricomycetes","Boletales","Boletaceae","Boletus","Unite",NA
"Otu956","Ascomycota","Dothideomycetes","Pleosporales","Pleosporaceae","Curvularia","Unite",NA
"Otu430","Ascomycota","Dothideomycetes","Pleosporales","Tetraplosphaeriaceae","Tetraploa","Unite",NA
"Otu404","Unknown","Unknown","Unknown","Unknown","Unknown","Did not meet thresholds",NA
"Otu189","Basidiomycota","Agaricomycetes","Agaricales","Agaricaceae","Agaricus","Tbas","1.0"
"Otu242","Basidiomycota","Ustilaginomycetes","Urocystidales","Floromycetaceae","Antherospora","Unite",NA
"Otu867","Basidiomycota","Ustilaginomycetes","Ustilaginales","Ustilaginaceae","Sporisorium","Tbas","0.9996172363"
"Otu109","Ascomycota","Eurotiomycetes","Chaetothyriales","Herpotrichiellaceae","Cladophialophora","Unite",NA
"Otu377","Ascomycota","Dothideomycetes","Pleosporales","Phaeosphaeriaceae","Phaeosphaeria","Unite",NA
"Otu788","Basidiomycota","Malasseziomycetes","Malasseziales","Malasseziaceae","Malassezia","Unite",NA
"Otu168","Ascomycota","Sordariomycetes","Hypocreales","Sarocladiaceae","Sarocladium","Tbas","1.0"
"Otu198","Basidiomycota","Agaricomycetes","Boletales","Boletaceae","Boletus","Unite",NA
"Otu824","Basidiomycota","Agaricomycetes","Boletales","Boletaceae","Boletus","Unite",NA
"Otu206","Ascomycota","Dothideomycetes","Pleosporales","Periconiaceae","Periconia","Unite",NA
"Otu340","Ascomycota","Dothideomycetes","Myriangiales","Elsinoaceae","Elsinoe","Tbas","1.0"
"Otu187","Glomeromycota","Glomeromycetes","Gigasporales","Dentiscutataceae","Dentiscutata","Unite",NA
"Otu111","Ascomycota","Pezizomycetes","Pezizales","Pezizaceae","Pezizaceae_gen_Incertae_sedis","Unite",NA
"Otu273","Ascomycota","Leotiomycetes","Helotiales","Hyaloscyphaceae","Hyaloscyphaceae_gen_Incertae_sedis","Unite",NA
"Otu399","Ascomycota","Dothideomycetes","Cladosporiales","Cladosporiaceae","Cladosporium","Unite",NA
"Otu146","Ascomycota","Dothideomycetes","Pleosporales","Didymosphaeriaceae","Paraconiothyrium","Unite",NA
"Otu80","Basidiomycota","Agaricomycetes","Cantharellales","Ceratobasidiaceae","Ceratobasidium","Unite",NA
"Otu825","Ascomycota","Sordariomycetes","Hypocreales","Cordycipitaceae","Cordyceps","Unite",NA
"Otu16","Basidiomycota","Agaricomycetes","Boletales","Boletaceae","Boletus","Unite",NA
"Otu378","Unknown","Unknown","Unknown","Unknown","Unknown","Did not meet thresholds",NA
"Otu57","Unknown","Unknown","Unknown","Unknown","Unknown","Tbas.Unite",NA
"Otu873","Ascomycota","Saccharomycetes","Saccharomycetales","Saccharomycetaceae","Zygotorulaspora","Unite",NA
"Otu712","Basidiomycota","Agaricomycetes","Boletales","Boletaceae","Boletus","Unite",NA
"Otu236","Basidiomycota","Ustilaginomycetes","Urocystidales","Floromycetaceae","Antherospora","Unite",NA
"Otu803","Basidiomycota","Agaricomycetes","Agaricales","Agaricaceae","Agaricus","Tbas","1.0"
"Otu769","Basidiomycota","Agaricomycetes","Agaricales","Agaricaceae","Agaricus","Tbas","1.0"
"Otu837","Ascomycota","Sordariomycetes","Hypocreales","Clavicipitaceae","Claviceps","Unite",NA
"Otu925","Microsporidia","Microsporidia incertae sedis",".",".","Antonospora","Tbas","1.0"
"Otu429","Ascomycota","Pezizomycetes","Pezizales","Morchellaceae","Morchella","Tbas","0.9999838371"
"Otu62","Basidiomycota","Agaricomycetes","Boletales","Boletaceae","Boletus","Unite",NA
"Otu191","Basidiomycota","Agaricomycetes","Russulales","Hericiaceae","Hericium","Tbas","0.9874131569"
"Otu224","Ascomycota","Dothideomycetes","Pleosporales","Phaeosphaeriaceae","Phaeoseptoriella","Tbas","0.9999999911"
"Otu795","Ascomycota","Saccharomycetes","Saccharomycetales","Debaryomycetaceae","Meyerozyma","Unite",NA
"Otu395","Basidiomycota","Agaricomycetes","Polyporales","Hyphodermataceae","Hyphoderma","Unite",NA
"Otu196","Ascomycota","Eurotiomycetes","Eurotiales","Aspergillaceae","Penicillium","Unite",NA
"Otu116","Unknown","Unknown","Unknown","Unknown","Unknown","Did not meet thresholds",NA
"Otu108","Zoopagomycota","Zoopagomycetes","Zoopagales","Helicocephalidaceae","Rhopalomyces","Tbas","0.9975496546"
"Otu129","Basidiomycota","Agaricomycetes","Polyporales","Polyporales_fam_Incertae_sedis","Polyporales_gen_Incertae_sedis","Unite",NA
"Otu73","Basidiomycota","Agaricomycetes","Agaricales","Psathyrellaceae","Parasola","Tbas","1.0"
"Otu366","Unknown","Unknown","Unknown","Unknown","Unknown","Tbas.Unite",NA
"Otu17","Basidiomycota","Agaricomycetes","Cantharellales","Cantharellaceae","Cantharellus","Tbas","0.9771566565"
"Otu67","Basidiomycota","Agaricomycetes","Cantharellales","Cantharellaceae","Cantharellus","Tbas","0.9565377262"
"Otu216","Basidiomycota","Agaricomycetes","Cantharellales","Cantharellaceae","Cantharellus","Tbas","0.9825302365"
"Otu805","Unknown","Unknown","Unknown","Unknown","Unknown","Did not meet thresholds",NA
"Otu436","Basidiomycota","Exobasidiomycetes","Ceraceosorales","Ceraceosoraceae","Ceraceosorus","Unite",NA
"Otu439","Basidiomycota","Agaricomycetes","Cantharellales","Cantharellaceae","Cantharellus","Tbas","0.9710833229"
"Otu34","Ascomycota","Dothideomycetes","Myriangiales","Elsinoaceae","Elsinoe","Tbas","1.0"
"Otu369","Ascomycota","Dothideomycetes","Pleosporales","Didymosphaeriaceae","Tremateia","Unite",NA
"Otu396","Ascomycota","Dothideomycetes","Pleosporales","Didymosphaeriaceae","Tremateia","Unite",NA
"Otu372","Basidiomycota","Agaricomycetes","Cantharellales","Cantharellaceae","Cantharellus","Tbas","0.9766670105"
"Otu295","Ascomycota","Pezizomycetes","Pezizales","Morchellaceae","Morchella","Tbas","0.9993320286"
"Otu234","Unknown","Unknown","Unknown","Unknown","Unknown","Did not meet thresholds",NA
"Otu449","Ascomycota","Dothideomycetes","Pleosporales","Didymosphaeriaceae","Tremateia","Unite",NA
"Otu421","Basidiomycota","Agaricomycetes","Agaricales","Agaricaceae","Agaricus","Tbas","1.0"
"Otu75","Basidiomycota","Agaricomycetes","Cantharellales","Cantharellaceae","Cantharellus","Tbas","0.9800850387"
"Otu183","Basidiomycota","Agaricomycetes","Boletales","Boletaceae","Boletus","Unite",NA
"Otu262","Unknown","Unknown","Unknown","Unknown","Unknown","Did not meet thresholds",NA
"Otu872","Unknown","Unknown","Unknown","Unknown","Unknown","Did not meet thresholds",NA
"Otu194","Basidiomycota","Agaricomycetes","Cantharellales","Cantharellaceae","Cantharellus","Tbas","0.9731089116"
"Otu170","Unknown","Unknown","Unknown","Unknown","Unknown","Did not meet thresholds",NA
"Otu51","Basidiomycota","Agaricomycetes","Boletales","Boletaceae","Boletus","Unite",NA
"Otu269","Ascomycota","Eurotiomycetes","Chaetothyriales","Cyphellophoraceae","Cyphellophora","Unite",NA
"Otu123","Basidiomycota","Agaricomycetes","Cantharellales","Cantharellaceae","Cantharellus","Tbas","0.9701250025"
"Otu220","Basidiomycota","Agaricomycetes","Boletales","Boletaceae","Boletus","Unite",NA
"Otu71","Unknown","Unknown","Unknown","Unknown","Unknown","Did not meet thresholds",NA
"Otu101","Ascomycota","Dothideomycetes","Muyocopronales","Muyocopronaceae","Muyocopron","Unite",NA
"Otu117","Basidiomycota","Ustilaginomycetes","Urocystidales","Floromycetaceae","Antherospora","Unite",NA
"Otu195","Basidiomycota","Exobasidiomycetes","Ceraceosorales","Ceraceosoraceae","Ceraceosorus","Unite",NA
"Otu233","Unknown","Unknown","Unknown","Unknown","Unknown","Did not meet thresholds",NA
"Otu50","Choanozoa","Choanoflagellata","Craspedida","Salpingoecidae","Monosiga","Tbas","0.9997513782"
"Otu121","Basidiomycota","Agaricomycetes","Cantharellales","Cantharellaceae","Cantharellus","Tbas","0.9779339827"
"Otu205","Basidiomycota","Agaricomycetes","Cantharellales","Cantharellaceae","Cantharellus","Tbas","0.9799114517"
"Otu27","Basidiomycota","Ustilaginomycetes","Urocystidales","Floromycetaceae","Antherospora","Unite",NA
"Otu352","Unknown","Unknown","Unknown","Unknown","Unknown","Did not meet thresholds",NA
"Otu764","Basidiomycota","Agaricomycetes","Cantharellales","Cantharellaceae","Cantharellus","Tbas","0.9504822901"
"Otu197","Unknown","Unknown","Unknown","Unknown","Unknown","Did not meet thresholds",NA
"Otu437","Ascomycota","Sordariomycetes","Glomerellales","Glomerellaceae","Colletotrichum","Unite",NA
"Otu18","Basidiomycota","Agaricomycetes","Cantharellales","Cantharellaceae","Cantharellus","Tbas","0.9620504312"
"Otu422","Zoopagomycota","Zoopagomycetes","Zoopagales","Helicocephalidaceae","Rhopalomyces","Tbas","0.9552826038"
"Otu797","Unknown","Unknown","Unknown","Unknown","Unknown","Did not meet thresholds",NA
"Otu739","Ascomycota","Eurotiomycetes","Chaetothyriales","Herpotrichiellaceae","Cladophialophora","Unite",NA
"Otu178","Basidiomycota","Ustilaginomycetes","Urocystidales","Floromycetaceae","Antherospora","Unite",NA
"Otu159","Basidiomycota","Agaricomycetes","Boletales","Boletaceae","Boletus","Unite",NA
"Otu717","Basidiomycota","Agaricomycetes","Cantharellales","Cantharellaceae","Cantharellus","Tbas","0.9810516803"
"Otu244","Ascomycota","Sordariomycetes","Hypocreales","Stachybotryaceae","Albifimbria","Unite",NA
"Otu908","Basidiomycota","Agaricomycetes","Hymenochaetales","Hymenochaetaceae","Tubulicrinis","Unite",NA
"Otu448","Ascomycota","Sordariomycetes","Hypocreales","Stachybotryaceae","Achroiostachys","Tbas","0.9999999975"
"Otu537","Basidiomycota","Agaricomycetes","Agaricales","Agaricaceae","Agaricus","Tbas","0.9996314286"
"Otu337","Ascomycota","Ascomycota_cls_Incertae_sedis","Ascomycota_ord_Incertae_sedis","Ascomycota_fam_Incertae_sedis","Ascomycota_gen_Incertae_sedis","Unite",NA
"Otu731","Basidiomycota","Ustilaginomycetes","Urocystidales","Floromycetaceae","Antherospora","Unite",NA
"Otu453","Unknown","Unknown","Unknown","Unknown","Unknown","Did not meet thresholds",NA
"Otu181","Unknown","Unknown","Unknown","Unknown","Unknown","Did not meet thresholds",NA
"Otu855","Basidiomycota","Agaricomycetes","Boletales","Boletaceae","Boletus","Unite",NA
"Otu868","Basidiomycota","Agaricomycetes","Cantharellales","Cantharellaceae","Cantharellus","Tbas","0.9852690113"
"Otu87","Ascomycota","Pezizomycetes","Pezizales","Morchellaceae","Morchella","Tbas","0.9863231028"
"Otu440","Ascomycota","Saccharomycetes","Saccharomycetales","Saccharomycetaceae","Zygotorulaspora","Unite",NA
"Otu202","Ascomycota","Pezizomycetes","Pezizales","Morchellaceae","Morchella","Tbas","0.9775761281"
"Otu131","Unknown","Unknown","Unknown","Unknown","Unknown","Did not meet thresholds",NA
"Otu326","Unknown","Unknown","Unknown","Unknown","Unknown","Did not meet thresholds",NA
"Otu82","Unknown","Unknown","Unknown","Unknown","Unknown","Did not meet thresholds",NA
"Otu345","Ascomycota","Pezizomycetes","Pezizales","Ascobolaceae","Ascobolus","Unite",NA
"Otu562","Ascomycota","Sordariomycetes","Glomerellales","Glomerellaceae","Colletotrichum","Unite",NA
"Otu112","Basidiomycota","Tremellomycetes","Tremellales","Bulleribasidiaceae","Vishniacozyma","Unite",NA
"Otu334","Ascomycota","Dothideomycetes","Venturiales","Sympoventuriaceae","Sympoventuriaceae_gen_Incertae_sedis","Unite",NA
"Otu90","Basidiomycota","Agaricomycetes","Sebacinales","Serendipitaceae","Serendipitaceae_gen_Incertae_sedis","Unite",NA
"Otu800","Unknown","Unknown","Unknown","Unknown","Unknown","Did not meet thresholds",NA
"Otu156","Unknown","Unknown","Unknown","Unknown","Unknown","Did not meet thresholds",NA
"Otu398","Basidiomycota","Agaricomycetes","Agaricales","Psathyrellaceae","Parasola","Tbas","1.0"
"Otu207","Basidiomycota","Pucciniomycetes","Pucciniales","Pucciniaceae","Puccinia","Tbas","0.9994162005"
"Otu854","Basidiomycota","Agaricomycetes","Agaricales","Agaricaceae","Agaricus","Tbas","1.0"
"Otu781","Ascomycota","Sordariomycetes","Glomerellales","Glomerellaceae","Colletotrichum","Unite",NA
"Otu397","Ascomycota","Dothideomycetes","Dothideales","Dothideales_fam_Incertae_sedis","Hormonema","Unite",NA
"Otu344","Unknown","Unknown","Unknown","Unknown","Unknown","Tbas.Unite",NA
"Otu6","Basidiomycota","Agaricomycetes","Boletales","Boletaceae","Boletus","Unite",NA
"Otu247","Ascomycota","Dothideomycetes","Pleosporales","Phaeosphaeriaceae","Phaeosphaeria","Unite",NA
"Otu166","Unknown","Unknown","Unknown","Unknown","Unknown","Did not meet thresholds",NA
"Otu798","Ascomycota","Sordariomycetes","Xylariales","Xylariaceae","Hypocopra","Unite",NA
"Otu705","Ascomycota","Dothideomycetes","Pleosporales","Didymosphaeriaceae","Pseudopithomyces","Unite",NA
"Otu155","Basidiomycota","Agaricomycetes","Polyporales","Polyporaceae","Trametes","Unite",NA
"Otu776","Ascomycota","Eurotiomycetes","Eurotiales","Aspergillaceae","Aspergillus","Unite",NA
"Otu783","Basidiomycota","Agaricomycetes","Corticiales","Corticiaceae","Laetisaria","Tbas","0.9909536786"
"Otu442","Unknown","Unknown","Unknown","Unknown","Unknown","Did not meet thresholds",NA
"Otu275","Basidiomycota","Agaricomycetes","Trechisporales","Hydnodontaceae","Sistotremastrum","Unite",NA
"Otu714","Ascomycota","Dothideomycetes","Pleosporales","Pleosporaceae","Curvularia","Unite",NA
"Otu767","Ascomycota","Pezizomycetes","Pezizales","Morchellaceae","Morchella","Tbas","0.9999814989"
"Otu447","Ascomycota","Eurotiomycetes","Eurotiomycetes incertae sedis",".","Paracladophialophora","Tbas","0.9996593166"
"Otu650","Basidiomycota","Exobasidiomycetes","Exobasidiales","Brachybasidiaceae","Meira","Tbas","1.0"
"Otu296","Basidiomycota","Agaricomycetes","Boletales","Boletaceae","Boletus","Unite",NA
"Otu223","Basidiomycota","Agaricomycetes","Boletales","Boletaceae","Boletus","Unite",NA
"Otu882","Basidiomycota","Agaricomycetes","Cantharellales","Botryobasidiaceae","Botryobasidium","Tbas","1.0"
"Otu446","Chytridiomycota","Chytridiomycetes","Lobulomycetales","Lobulomycetaceae","Lobulomyces","Tbas","0.9997819138"
"Otu668","Basidiomycota","Agaricomycetes","Cantharellales","Botryobasidiaceae","Botryobasidium","Tbas","0.9999998015"
"Otu154","Ascomycota","Dothideomycetes","Pleosporales","Pleosporales_fam_Incertae_sedis","Pleosporales_gen_Incertae_sedis","Unite",NA
"Otu796","Basidiomycota","Agaricomycetes","Agaricales","Psathyrellaceae","Parasola","Tbas","1.0"
"Otu567","Ascomycota","Saccharomycetes","Saccharomycetales","Saccharomycetaceae","Zygotorulaspora","Unite",NA
"Otu474","Unknown","Unknown","Unknown","Unknown","Unknown","Tbas.Unite",NA
"Otu176","Basidiomycota","Agaricomycetes","Agaricales","Agaricaceae","Agaricus","Tbas","1.0"
"Otu424","Basidiomycota","Agaricomycetes","Boletales","Boletaceae","Boletus","Unite",NA
"Otu105","Ascomycota","Saccharomycetes","Saccharomycetales","Saccharomycetaceae","Zygotorulaspora","Unite",NA
"Otu878","Ascomycota","Sordariomycetes","Amphisphaeriales","Pseudomassariaceae","Pseudomassaria","Unite",NA
"Otu106","Basidiomycota","Agaricomycetes","Sebacinales","Serendipitaceae","Serendipitaceae_gen_Incertae_sedis","Unite",NA
"Otu313","Basidiomycota","Agaricomycetes","Sebacinales","Serendipitaceae","Serendipitaceae_gen_Incertae_sedis","Unite",NA
"Otu546","Unknown","Unknown","Unknown","Unknown","Unknown","Did not meet thresholds",NA
"Otu703","Ascomycota","Pezizomycetes","Pezizales","Morchellaceae","Morchella","Tbas","0.999962887"
"Otu98","Basidiomycota","Ustilaginomycetes","Urocystidales","Floromycetaceae","Antherospora","Unite",NA
"Otu710","Ascomycota","Dothideomycetes","Pleosporales","Pleosporaceae","Exserohilum","Unite",NA
"Otu663","Ascomycota","Dothideomycetes","Pleosporales","Phaeosphaeriaceae","Parastagonospora","Unite",NA
"Otu200","Basidiomycota","Ustilaginomycetes","Urocystidales","Floromycetaceae","Antherospora","Unite",NA
"Otu413","Choanozoa","Choanoflagellata","Craspedida","Salpingoecidae","Monosiga","Tbas","0.995395713"
"Otu619","Basidiomycota","Agaricomycetes","Boletales","Boletaceae","Boletus","Unite",NA
"Otu779","Basidiomycota","Agaricomycetes","Agaricales","Psathyrellaceae","Parasola","Tbas","1.0"
"Otu419","Choanozoa","Choanoflagellata","Craspedida","Salpingoecidae","Monosiga","Tbas","0.9998301755"
"Otu252","Unknown","Unknown","Unknown","Unknown","Unknown","Tbas.Unite",NA
"Otu427","Ascomycota","Dothideomycetes","Pleosporales","Phaeosphaeriaceae","Wojnowiciella","Tbas","0.9745570261"
"Otu128","Chytridiomycota","Rhizophlyctidomycetes","Rhizophlyctidales","Rhizophlyctidales_fam_Incertae_sedis","Rhizophlyctidales_gen_Incertae_sedis","Unite",NA
"Otu367","Unknown","Unknown","Unknown","Unknown","Unknown","Did not meet thresholds",NA
"Otu330","Rozellomycota","Rozellomycota_cls_Incertae_sedis","Rozellomycota_ord_Incertae_sedis","Rozellomycota_fam_Incertae_sedis","Rozellomycota_gen_Incertae_sedis","Unite",NA
"Otu713","Unknown","Unknown","Unknown","Unknown","Unknown","Did not meet thresholds",NA
"Otu722","Basidiomycota","Agaricomycetes","Agaricales","Pterulaceae","Coronicium","Unite",NA
"Otu711","Basidiomycota","Agaricomycetes","Sebacinales","Serendipitaceae","Serendipitaceae_gen_Incertae_sedis","Unite",NA
"Otu819","Ascomycota","Eurotiomycetes","Eurotiales","Trichocomaceae","Talaromyces","Unite",NA
"Otu193","Basidiomycota","Exobasidiomycetes","Microstromatales","Microstromatales_fam_Incertae_sedis","Jaminaea","Unite",NA
"Otu952","Basidiomycota","Agaricomycetes","Boletales","Boletaceae","Boletus","Unite",NA
"Otu32","Unknown","Unknown","Unknown","Unknown","Unknown","Tbas.Unite",NA
"Otu81","Basidiomycota","Agaricomycetes","Sebacinales","Serendipitaceae","Serendipitaceae_gen_Incertae_sedis","Unite",NA
"Otu235","Ascomycota","Dothideomycetes","Pleosporales","Periconiaceae","Periconia","Unite",NA
"Otu177","Basidiomycota","Tremellomycetes","Tremellales","Bulleribasidiaceae","Vishniacozyma","Unite",NA
"Otu336","Ascomycota","Dothideomycetes","Mycosphaerellales","Teratosphaeriaceae","Devriesia","Unite",NA
"Otu342","Basidiomycota","Agaricomycetes","Corticiales","Corticiaceae","Laetisaria","Tbas","1.0"
"Otu670","Unknown","Unknown","Unknown","Unknown","Unknown","Did not meet thresholds",NA
"Otu84","Ascomycota","Dothideomycetes","Pleosporales","Pleosporaceae","Pleosporaceae_gen_Incertae_sedis","Unite",NA
"Otu52","Ascomycota","Dothideomycetes","Pleosporales","Pleosporaceae","Exserohilum","Unite",NA
"Otu443","Ascomycota","Sordariomycetes","Amphisphaeriales","Clypeophysalosporaceae","Clypeophysalospora","Unite",NA
"Otu250","Ascomycota","Dothideomycetes","Pleosporales","Didymosphaeriaceae","Spegazzinia","Tbas","1.0"
"Otu180","Choanozoa","Choanoflagellata","Craspedida","Salpingoecidae","Monosiga","Tbas","0.9964801057"
"Otu704","Basidiomycota","Agaricomycetes","Polyporales","Polyporaceae","Fomes","Unite",NA
"Otu72","Ascomycota","Pezizomycetes","Pezizales","Morchellaceae","Morchella","Tbas","0.9999801419"
"Otu376","Basidiomycota","Agaricomycetes","Boletales","Boletaceae","Boletus","Unite",NA
"Otu60","Basidiomycota","Agaricomycetes","Agaricales","Psathyrellaceae","Parasola","Tbas","1.0"
"Otu970","Basidiomycota","Agaricomycetes","Agaricales","Bolbitiaceae","Conocybe","Unite",NA
"Otu267","Basidiomycota","Agaricomycetes","Boletales","Boletinellaceae","Phlebopus","Unite",NA
"Otu812","Unknown","Unknown","Unknown","Unknown","Unknown","Tbas.Unite",NA
"Otu806","Ascomycota","Ascomycota_cls_Incertae_sedis","Ascomycota_ord_Incertae_sedis","Ascomycota_fam_Incertae_sedis","Ascomycota_gen_Incertae_sedis","Unite",NA
"Otu723","Basidiomycota","Agaricomycetes","Agaricales","Psathyrellaceae","Parasola","Tbas","1.0"
"Otu260","Ascomycota","Dothideomycetes","Pleosporales","Phaeosphaeriaceae","Phaeoseptoriella","Tbas","0.9956287217"
"Otu213","Basidiomycota","Agaricomycetes","Agaricales","Psathyrellaceae","Parasola","Tbas","1.0"
"Otu160","Basidiomycota","Agaricomycetes","Boletales","Boletaceae","Boletus","Unite",NA
"Otu862","Basidiomycota","Agaricomycetes","Hymenochaetales","Hymenochaetaceae","Fuscoporia","Unite",NA
"Otu438","Basidiomycota","Agaricomycetes","Agaricales","Inocybaceae","Inocybe","Tbas","0.9998733006"
"Otu245","Basidiomycota","Agaricomycetes","Agaricales","Psathyrellaceae","Parasola","Tbas","0.9991899639"
"Otu813","Mucoromycota","Mortierellomycetes","Mortierellales","Mortierellaceae","Modicella","Tbas","1.0"
"Otu792","Ascomycota","Leotiomycetes","Helotiales","Sclerotiniaceae","Clarireedia","Unite",NA
